{"cameraMode":{"drawMode":0,"name":"Shaded","section":"Shading Mode"},"sceneLighting":true,"audioPlay":false,"sceneViewState":{"m_AlwaysRefresh":false,"showFog":true,"showSkybox":true,"showFlares":true,"showImageEffects":true,"showParticleSystems":true,"showVisualEffectGraphs":true,"m_FxEnabled":true},"in2DMode":false,"pivot":{"x":-0.07898205518722534,"y":0.05704668164253235,"z":10.718561172485352},"rotation":{"x":0.07644027471542359,"y":0.0017625662731006742,"z":-0.00005083416181150824,"w":0.9971340894699097},"size":6.19948148727417,"orthographic":false}